{"cameraMode":{"drawMode":0,"name":"Shaded","section":"Shading Mode"},"sceneLighting":true,"audioPlay":false,"sceneViewState":{"m_AlwaysRefresh":false,"showFog":true,"showSkybox":true,"showFlares":true,"showImageEffects":true,"showParticleSystems":true,"showVisualEffectGraphs":true,"m_FxEnabled":true},"in2DMode":false,"pivot":{"x":42.591026306152347,"y":-1.237265706062317,"z":0.8478445410728455},"rotation":{"x":0.03105858899652958,"y":0.7444716095924377,"z":-0.035005852580070499,"w":0.6661551594734192},"size":24.200408935546876,"orthographic":false}