{"cameraMode":{"drawMode":0,"name":"Shaded","section":"Shading Mode"},"sceneLighting":true,"audioPlay":false,"sceneViewState":{"m_AlwaysRefresh":false,"showFog":true,"showSkybox":true,"showFlares":true,"showImageEffects":true,"showParticleSystems":true,"showVisualEffectGraphs":true,"m_FxEnabled":true},"in2DMode":false,"pivot":{"x":-38.29775619506836,"y":10.728548049926758,"z":-1.5055676698684693},"rotation":{"x":-0.09429068118333817,"y":-0.6249406933784485,"z":0.07666633278131485,"w":-0.7713431119918823},"size":1.7606682777404786,"orthographic":false}