{"cameraMode":{"drawMode":0,"name":"Shaded","section":"Shading Mode"},"sceneLighting":true,"audioPlay":false,"sceneViewState":{"m_AlwaysRefresh":false,"showFog":true,"showSkybox":true,"showFlares":true,"showImageEffects":true,"showParticleSystems":true,"showVisualEffectGraphs":true,"m_FxEnabled":true},"in2DMode":false,"pivot":{"x":8.423924446105957,"y":7.6322245597839359,"z":9.826555252075196},"rotation":{"x":-0.09546045958995819,"y":0.21818390488624574,"z":-0.020702386274933816,"w":-0.9712679982185364},"size":0.8660253882408142,"orthographic":false}