{"cameraMode":{"drawMode":0,"name":"Shaded","section":"Shading Mode"},"sceneLighting":true,"audioPlay":false,"sceneViewState":{"m_AlwaysRefresh":false,"showFog":true,"showSkybox":true,"showFlares":true,"showImageEffects":true,"showParticleSystems":true,"showVisualEffectGraphs":true,"m_FxEnabled":true},"in2DMode":false,"pivot":{"x":-13.700881004333496,"y":-72.8831787109375,"z":-12.184538841247559},"rotation":{"x":0.022547511383891107,"y":-0.2794690430164337,"z":-0.007764875888824463,"w":0.9616047739982605},"size":5.126438140869141,"orthographic":false}