{"cameraMode":{"drawMode":0,"name":"Shaded","section":"Shading Mode"},"sceneLighting":true,"audioPlay":false,"sceneViewState":{"m_AlwaysRefresh":false,"showFog":true,"showSkybox":true,"showFlares":true,"showImageEffects":true,"showParticleSystems":true,"showVisualEffectGraphs":true,"m_FxEnabled":true},"in2DMode":false,"pivot":{"x":-49.94463348388672,"y":-2.832406759262085,"z":18.710769653320314},"rotation":{"x":0.0012576316948980094,"y":-0.6887426972389221,"z":0.049811094999313357,"w":0.7232966423034668},"size":44.991539001464847,"orthographic":false}