{"cameraMode":{"drawMode":0,"name":"Shaded","section":"Shading Mode"},"sceneLighting":true,"audioPlay":false,"sceneViewState":{"m_AlwaysRefresh":false,"showFog":true,"showSkybox":true,"showFlares":true,"showImageEffects":true,"showParticleSystems":true,"showVisualEffectGraphs":true,"m_FxEnabled":true},"in2DMode":false,"pivot":{"x":-5.04523229598999,"y":10.423835754394532,"z":-5.019798278808594},"rotation":{"x":0.006111374124884605,"y":-0.9939939975738525,"z":0.0944916233420372,"w":0.058964312076568606},"size":2.1829395294189455,"orthographic":false}